<?xml version="1.0" encoding="UTF-8"?>
<jcr:root xmlns:sling="http://sling.apache.org/jcr/sling/1.0" xmlns:cq="http://www.day.com/jcr/cq/1.0" xmlns:jcr="http://www.jcp.org/jcr/1.0" xmlns:nt="http://www.jcp.org/jcr/nt/1.0"
    jcr:primaryType="nt:unstructured"
    jcr:title="Properties"
    sling:resourceType="cq/gui/components/authoring/dialog">
    <content
        jcr:primaryType="nt:unstructured"
        sling:resourceType="granite/ui/components/coral/foundation/fixedcolumns">
        <items jcr:primaryType="nt:unstructured">
            <column
                jcr:primaryType="nt:unstructured"
                sling:resourceType="granite/ui/components/coral/foundation/container">
                <items jcr:primaryType="nt:unstructured">
                    <label
                        jcr:primaryType="nt:unstructured"
                        sling:resourceType="granite/ui/components/coral/foundation/form/textfield"
                        fieldLabel="Label"
                        name="./label"/>
                    <source
                            jcr:primaryType="nt:unstructured"
                            sling:resourceType="granite/ui/components/coral/foundation/form/pathfield"
                            fieldLabel="Source"
                            name="./source"/>
                    <target
                            jcr:primaryType="nt:unstructured"
                            sling:resourceType="granite/ui/components/coral/foundation/form/select"
                            fieldLabel="Target"
                            name="./target">
                        <items jcr:primaryType="nt:unstructured">
                                <same
                                        jcr:primaryType="nt:unstructured"
                                        text = "Same"
                                        value = "Same"/>
                                <diffrent
                                        jcr:primaryType="nt:unstructured"
                                        text = "Diffrent"
                                        value = "Diffrent"/>
                        </items>

                    </target>
                </items>
            </column>
        </items>
    </content>
</jcr:root>